<?xml version="1.0" encoding="UTF-8"?>
<project-private xmlns="http://www.netbeans.org/ns/project-private/1">
    <editor-bookmarks xmlns="http://www.netbeans.org/ns/editor-bookmarks/2" lastBookmarkId="0"/>
    <open-files xmlns="http://www.netbeans.org/ns/projectui-open-files/2">
        <group>
            <file>file:/C:/Users/Junia%20Vitasari/Documents/NetBeansProjects/Tugas_bkpm3/src/tugas_bkpm3/Tugas_bkpm3.java</file>
            <file>file:/C:/Users/Junia%20Vitasari/Documents/NetBeansProjects/Tugas_bkpm3/src/tugas_bkpm3/tugas_bkpm3_c.java</file>
            <file>file:/C:/Users/Junia%20Vitasari/Documents/NetBeansProjects/Tugas_bkpm3/src/tugas_bkpm3/tugas_bkpm3_b.java</file>
            <file>file:/C:/Users/Junia%20Vitasari/Documents/NetBeansProjects/Tugas_bkpm3/src/tugas_bkpm3/tugas_bkpm3_e.java</file>
            <file>file:/C:/Users/Junia%20Vitasari/Documents/NetBeansProjects/Tugas_bkpm3/src/tugas_bkpm3/tugas_bkpm3_d.java</file>
        </group>
    </open-files>
</project-private>
