<?xml version="1.0" encoding="UTF-8"?>
<project-private xmlns="http://www.netbeans.org/ns/project-private/1">
    <editor-bookmarks xmlns="http://www.netbeans.org/ns/editor-bookmarks/2" lastBookmarkId="0"/>
    <open-files xmlns="http://www.netbeans.org/ns/projectui-open-files/2">
        <group>
            <file>file:/C:/Users/Junia%20Vitasari/Documents/NetBeansProjects/praktik_bkpm3/src/praktik_bkpm3/soal_b1.java</file>
            <file>file:/C:/Users/Junia%20Vitasari/Documents/NetBeansProjects/praktik_bkpm3/src/praktik_bkpm3/soal_a1.java</file>
            <file>file:/C:/Users/Junia%20Vitasari/Documents/NetBeansProjects/praktik_bkpm3/src/praktik_bkpm3/soal_a3.java</file>
            <file>file:/C:/Users/Junia%20Vitasari/Documents/NetBeansProjects/praktik_bkpm3/src/praktik_bkpm3/soa_a2.java</file>
            <file>file:/C:/Users/Junia%20Vitasari/Documents/NetBeansProjects/praktik_bkpm3/src/praktik_bkpm3/soal_b2.java</file>
        </group>
    </open-files>
</project-private>
